{"DifferentialEvolutionAlgorithm": {"MyBenchmark": [-0.7132352941176471, -0.6985294117647058, -0.6838235294117647]}, "ArtificialBeeColonyAlgorithm": {"MyBenchmark": [-0.6985294117647058, -0.7132352941176471, -0.6691176470588235]}, "GreyWolfOptimizer": {"MyBenchmark": [-0.6617647058823529, -0.6911764705882353, -0.6102941176470589]}, "FireflyAlgorithm": {"MyBenchmark": [-0.6838235294117647, -0.6617647058823529, -0.625]}}